Sex;Pclass;Contagem;Tarifa;SibSp + Parch
female;3;144;16.118809722222224;144
male;2;108;19.74178240740741;108
female;1;94;106.12579787234041;94
male;1;122;67.22612704918033;122
male;3;347;12.661632564841513;347
female;2;76;21.97012105263158;76
